{
  "version": 3,
  "generatedAt": "2026-01-28T06:19:22.591044Z",
  "posts": [
    {
      "id": "seed-1",
      "platform": "facebook",
      "category": "support",
      "title": "Sample (Support) \u2014 replace with your own",
      "fbUrl": "https://www.facebook.com/facebook/posts/10153231379946729",
      "tags": [
        "sample"
      ],
      "notes": "Starter example. Submit new posts on Submit page, then approve them on Review page.",
      "addedAt": "2026-01-27T00:00:00Z",
      "submittedBy": {
        "display": "Anonymous"
      }
    },
    {
      "id": "seed-2",
      "platform": "facebook",
      "category": "maga",
      "title": "Sample (MAGA / Debate) \u2014 replace with your own",
      "fbUrl": "https://www.facebook.com/facebook/posts/10153231379946729",
      "tags": [
        "sample",
        "debate"
      ],
      "notes": "Placeholder example for the MAGA / Debate section.",
      "addedAt": "2026-01-27T00:00:00Z",
      "submittedBy": {
        "display": "Anonymous"
      }
    }
  ]
}